group,mean,std,count,median
control,135.51191325438722,77.38162750295551,7009,111.0
treatment,156.7750703432752,85.88328831845757,7108,128.05
